{
  "norm_stats": {
    "state": {
      "mean": [
        -1.6201319694519043,
        0.787664532661438,
        0.569851279258728,
        -0.7216866612434387,
        1.0774229764938354,
        1.443717122077942,
        0.7135291695594788,
        1.9879279136657715,
        -1.0386728048324585,
        -1.9488211870193481,
        0.5545834302902222,
        -0.41315048933029175,
        -1.1753582954406738,
        -0.10027655959129333
      ],
      "std": [
        0.008555378764867783,
        0.0019223651615902781,
        0.021634358912706375,
        0.008297190070152283,
        0.014020560309290886,
        0.0026294749695807695,
        0.006267332937568426,
        0.12027686089277267,
        0.1824633926153183,
        0.11357132345438004,
        0.40780335664749146,
        0.16465014219284058,
        0.30853271484375,
        0.34420961141586304
      ],
      "q01": [
        -1.6349143013715743,
        0.7828820583939552,
        0.5400435541152954,
        -0.736664653468132,
        1.0490218898773194,
        1.4367203578233718,
        0.7020811509132385,
        1.7609318494796753,
        -1.3966603157758712,
        -2.070906636762619,
        -0.03322480246424675,
        -0.8171707859367132,
        -1.7399992942810059,
        -0.6302123665809631
      ],
      "q99": [
        -1.6051443918704986,
        0.7903764436483384,
        0.60786899061203,
        -0.7083925921678543,
        1.0961018551826478,
        1.4470049079656602,
        0.7257995836257934,
        2.1821188943386076,
        -0.6628107951641083,
        -1.6276983436107635,
        1.307694215271622,
        -0.1428937036901713,
        -0.6276407050728798,
        0.582998049581051
      ]
    },
    "actions": {
      "mean": [
        0.000024676633984199725,
        3.6328108308225637e-6,
        -0.00006068982838769443,
        -0.00002629660230013542,
        0.00003730283060576767,
        2.4508215119567467e-6,
        -0.000019956252799602225,
        -0.00004085876571480185,
        0.00006452751404140145,
        0.000048591049562674016,
        0.0004957365454174578,
        -0.0001711469958536327,
        0.00036100263241678476,
        -0.0001140164167736657
      ],
      "std": [
        0.00040481597534380853,
        0.0001860025804489851,
        0.00036326178815215826,
        0.0002636366698425263,
        0.0002729372645262629,
        0.0001825225044740364,
        0.00023291374964173883,
        0.0034955341834574938,
        0.005307437386363745,
        0.0037107025273144245,
        0.006672895513474941,
        0.005173997022211552,
        0.006853203754872084,
        0.007780898362398148
      ],
      "q01": [
        -0.0009595478057861327,
        -0.0006071436882019043,
        -0.0012595478892326356,
        -0.0009363955974578857,
        -0.0008556918621063232,
        -0.0007020285129547118,
        -0.0007145462036132813,
        -0.009386444926261901,
        -0.010872240829467774,
        -0.009643389797210692,
        -0.016533875942230224,
        -0.012712996929883957,
        -0.023090515851974486,
        -0.017929475143551827
      ],
      "q99": [
        0.001421573543548584,
        0.0005830456256866454,
        0.0008053786754608151,
        0.0005372645139694212,
        0.0007360658645629882,
        0.0003362301349639893,
        0.0007159112691879272,
        0.009459278106689454,
        0.015175192379951477,
        0.010813178610801697,
        0.020088213443756102,
        0.016739481240510938,
        0.016311033725738527,
        0.025733108949661257
      ]
    }
  }
}