{
  "norm_stats": {
    "state": {
      "mean": [
        -1.1775813102722168,
        0.7057650089263916,
        0.7736530900001526,
        -0.8345946669578552,
        0.5646679401397705,
        1.1967211961746216,
        0.07798551768064499,
        1.212123155593872,
        -0.6824818253517151,
        -0.8586928248405457,
        0.8045738339424133,
        -0.5627588629722595,
        -1.1638755798339844,
        -0.006988259963691235,
        0.0,
        0.0,
        0.0,
        0.0,
        0.0,
        0.0,
        0.0,
        0.0,
        0.0,
        0.0,
        0.0,
        0.0,
        0.0,
        0.0,
        0.0,
        0.0,
        0.0,
        0.0
      ],
      "std": [
        0.723594069480896,
        0.5091859102249146,
        0.6818438172340393,
        0.41380220651626587,
        0.5163324475288391,
        0.39116141200065613,
        0.6871855854988098,
        0.7102996706962585,
        0.5105316042900085,
        0.7149814963340759,
        0.4147391617298126,
        0.5215854644775391,
        0.40530312061309814,
        0.7138907313346863,
        1.0,
        1.0,
        1.0,
        1.0,
        1.0,
        1.0,
        1.0,
        1.0,
        1.0,
        1.0,
        1.0,
        1.0,
        1.0,
        1.0,
        1.0,
        1.0,
        1.0,
        1.0
      ]
    },
    "actions": {
      "mean": [
        -7.254254160216078e-05,
        2.2730810087523423e-05,
        0.00022311825887300074,
        0.00011342725338181481,
        -9.460830187890679e-05,
        -0.00012429733760654926,
        0.0001122659450629726,
        9.901980229187757e-05,
        -1.6618496374576353e-05,
        -0.0002907242742367089,
        -0.00013184922863729298,
        0.0001299468131037429,
        0.00013217020023148507,
        -0.0001257464027730748,
        0.0,
        0.0,
        0.0,
        0.0,
        0.0,
        0.0,
        0.0,
        0.0,
        0.0,
        0.0,
        0.0,
        0.0,
        0.0,
        0.0,
        0.0,
        0.0,
        0.0,
        0.0
      ],
      "std": [
        0.0025472305715084076,
        0.0025444235652685165,
        0.0022943709045648575,
        0.0025981038343161345,
        0.0029735120479017496,
        0.0030700420029461384,
        0.0035829367116093636,
        0.003019420662894845,
        0.0032249370124191046,
        0.0027779031079262495,
        0.003053759690374136,
        0.0034750732593238354,
        0.0035784412175416946,
        0.0044655464589595795,
        1.0,
        1.0,
        1.0,
        1.0,
        1.0,
        1.0,
        1.0,
        1.0,
        1.0,
        1.0,
        1.0,
        1.0,
        1.0,
        1.0,
        1.0,
        1.0,
        1.0,
        1.0
      ]
    }
  }
}