{
  "norm_stats": {
    "state": {
      "mean": [
        -1.175050973892212,
        0.705739438533783,
        0.7699580788612366,
        -0.8155310750007629,
        0.5998368263244629,
        1.1886570453643799,
        0.06089407950639725,
        1.2255610227584839,
        -0.6759470105171204,
        -0.8634060621261597,
        0.7955026626586914,
        -0.6125937104225159,
        -1.1581802368164062,
        0.02838853932917118,
        0.0,
        0.0,
        0.0,
        0.0,
        0.0,
        0.0,
        0.0,
        0.0,
        0.0,
        0.0,
        0.0,
        0.0,
        0.0,
        0.0,
        0.0,
        0.0,
        0.0,
        0.0
      ],
      "std": [
        0.7717187404632568,
        0.5418352484703064,
        0.7202561497688293,
        0.42176035046577454,
        0.5170703530311584,
        0.3902457058429718,
        0.7118065357208252,
        0.7484852075576782,
        0.5446591973304749,
        0.7440623641014099,
        0.425453245639801,
        0.5293753147125244,
        0.4128964841365814,
        0.7522457242012024,
        1.0,
        1.0,
        1.0,
        1.0,
        1.0,
        1.0,
        1.0,
        1.0,
        1.0,
        1.0,
        1.0,
        1.0,
        1.0,
        1.0,
        1.0,
        1.0,
        1.0,
        1.0
      ],
      "q01": [
        -2.3366756439208984,
        -1.5652999877929688,
        -1.3936192989349365,
        -1.476824402809143,
        -0.6582048535346985,
        0.06212002411484718,
        -2.3045012950897217,
        -1.5656745433807373,
        -1.5245438814163208,
        -2.0688886642456055,
        -0.015249091200530529,
        -1.8764214515686035,
        -1.7245666980743408,
        -1.8539342880249023,
        0.0,
        0.0,
        0.0,
        0.0,
        0.0,
        0.0,
        0.0,
        0.0,
        0.0,
        0.0,
        0.0,
        0.0,
        0.0,
        0.0,
        0.0,
        0.0,
        0.0,
        0.0
      ],
      "q99": [
        1.7359609603881836,
        1.5471197366714478,
        2.1337215900421143,
        0.01588727906346321,
        1.8067728281021118,
        1.7144036293029785,
        1.6590527296066284,
        2.3201193809509277,
        1.3370431661605835,
        1.5724718570709229,
        1.4797426462173462,
        0.716528058052063,
        0.1343649923801422,
        2.214067220687866,
        0.0,
        0.0,
        0.0,
        0.0,
        0.0,
        0.0,
        0.0,
        0.0,
        0.0,
        0.0,
        0.0,
        0.0,
        0.0,
        0.0,
        0.0,
        0.0,
        0.0,
        0.0
      ]
    },
    "actions": {
      "mean": [
        -9.330801549367607e-05,
        4.204242577543482e-05,
        0.00025706025189720094,
        0.00014324072981253266,
        -8.684486238053069e-05,
        -0.00016119808424264193,
        0.00011334283772157505,
        0.00014371625729836524,
        -3.756748992600478e-05,
        -0.00035859012859873474,
        -0.0001637168461456895,
        0.00013237757957540452,
        0.00017476124048698694,
        -0.0001136771752499044,
        0.0,
        0.0,
        0.0,
        0.0,
        0.0,
        0.0,
        0.0,
        0.0,
        0.0,
        0.0,
        0.0,
        0.0,
        0.0,
        0.0,
        0.0,
        0.0,
        0.0,
        0.0
      ],
      "std": [
        0.0026019804645329714,
        0.002566962270066142,
        0.0023510868195444345,
        0.002651683986186981,
        0.0029927422292530537,
        0.003083057701587677,
        0.003703601658344269,
        0.00309520005248487,
        0.003325536847114563,
        0.002863087924197316,
        0.003160171676427126,
        0.003599044168367982,
        0.0036135378759354353,
        0.004757275804877281,
        1.0,
        1.0,
        1.0,
        1.0,
        1.0,
        1.0,
        1.0,
        1.0,
        1.0,
        1.0,
        1.0,
        1.0,
        1.0,
        1.0,
        1.0,
        1.0,
        1.0,
        1.0
      ],
      "q01": [
        -0.0088844895362854,
        -0.009237170219421387,
        -0.0064994096755981445,
        -0.007509112358093262,
        -0.01046597957611084,
        -0.011095404624938965,
        -0.011374473571777344,
        -0.009376764297485352,
        -0.009176909923553467,
        -0.010384082794189453,
        -0.010678738355636597,
        -0.010950863361358643,
        -0.010350644588470459,
        -0.015335142612457275,
        0.0,
        0.0,
        0.0,
        0.0,
        0.0,
        0.0,
        0.0,
        0.0,
        0.0,
        0.0,
        0.0,
        0.0,
        0.0,
        0.0,
        0.0,
        0.0,
        0.0,
        0.0
      ],
      "q99": [
        0.00810861587524414,
        0.007618129253387451,
        0.009021162986755371,
        0.00963050127029419,
        0.0091513991355896,
        0.00854414701461792,
        0.011756658554077148,
        0.010361313819885254,
        0.011465787887573242,
        0.007893741130828857,
        0.008729100227355957,
        0.012128114700317383,
        0.012179017066955566,
        0.015007078647613525,
        0.0,
        0.0,
        0.0,
        0.0,
        0.0,
        0.0,
        0.0,
        0.0,
        0.0,
        0.0,
        0.0,
        0.0,
        0.0,
        0.0,
        0.0,
        0.0,
        0.0,
        0.0
      ]
    }
  }
}