{
  "norm_stats": {
    "state": {
      "mean": [
        -1.1775813102722168,
        0.7057650089263916,
        0.7736530900001526,
        -0.8345946669578552,
        0.5646679401397705,
        1.1967211961746216,
        0.07798551768064499,
        1.212123155593872,
        -0.6824818253517151,
        -0.8586928248405457,
        0.8045738339424133,
        -0.5627588629722595,
        -1.1638755798339844,
        -0.006988259963691235,
        0.0,
        0.0,
        0.0,
        0.0,
        0.0,
        0.0,
        0.0,
        0.0,
        0.0,
        0.0,
        0.0,
        0.0,
        0.0,
        0.0,
        0.0,
        0.0,
        0.0,
        0.0
      ],
      "std": [
        0.723594069480896,
        0.5091859102249146,
        0.6818438172340393,
        0.41380220651626587,
        0.5163324475288391,
        0.39116141200065613,
        0.6871855854988098,
        0.7102996706962585,
        0.5105316042900085,
        0.7149814963340759,
        0.4147391617298126,
        0.5215854644775391,
        0.40530312061309814,
        0.7138907313346863,
        1.0,
        1.0,
        1.0,
        1.0,
        1.0,
        1.0,
        1.0,
        1.0,
        1.0,
        1.0,
        1.0,
        1.0,
        1.0,
        1.0,
        1.0,
        1.0,
        1.0,
        1.0
      ],
      "q01": [
        -2.329606056213379,
        -1.5212918519973755,
        -1.3839123249053955,
        -1.4772294759750366,
        -0.7136700749397278,
        0.055734049528837204,
        -2.2637455463409424,
        -1.5495798587799072,
        -1.5155935287475586,
        -2.038945198059082,
        -0.008847168646752834,
        -1.8121418952941895,
        -1.727554202079773,
        -1.6938707828521729,
        0.0,
        0.0,
        0.0,
        0.0,
        0.0,
        0.0,
        0.0,
        0.0,
        0.0,
        0.0,
        0.0,
        0.0,
        0.0,
        0.0,
        0.0,
        0.0,
        0.0,
        0.0
      ],
      "q99": [
        1.7245835065841675,
        1.5517586469650269,
        2.095072031021118,
        0.010132093913853168,
        1.800584077835083,
        1.7226814031600952,
        1.649371862411499,
        2.2995667457580566,
        1.305542230606079,
        1.5721403360366821,
        1.4796439409255981,
        0.7361457347869873,
        0.012704363092780113,
        2.1382181644439697,
        0.0,
        0.0,
        0.0,
        0.0,
        0.0,
        0.0,
        0.0,
        0.0,
        0.0,
        0.0,
        0.0,
        0.0,
        0.0,
        0.0,
        0.0,
        0.0,
        0.0,
        0.0
      ]
    },
    "actions": {
      "mean": [
        -7.254254160216078e-05,
        2.2730810087523423e-05,
        0.00022311825887300074,
        0.00011342725338181481,
        -9.460830187890679e-05,
        -0.00012429733760654926,
        0.0001122659450629726,
        9.901980229187757e-05,
        -1.6618496374576353e-05,
        -0.0002907242742367089,
        -0.00013184922863729298,
        0.0001299468131037429,
        0.00013217020023148507,
        -0.0001257464027730748,
        0.0,
        0.0,
        0.0,
        0.0,
        0.0,
        0.0,
        0.0,
        0.0,
        0.0,
        0.0,
        0.0,
        0.0,
        0.0,
        0.0,
        0.0,
        0.0,
        0.0,
        0.0
      ],
      "std": [
        0.0025472305715084076,
        0.0025444235652685165,
        0.0022943709045648575,
        0.0025981038343161345,
        0.0029735120479017496,
        0.0030700420029461384,
        0.0035829367116093636,
        0.003019420662894845,
        0.0032249370124191046,
        0.0027779031079262495,
        0.003053759690374136,
        0.0034750732593238354,
        0.0035784412175416946,
        0.0044655464589595795,
        1.0,
        1.0,
        1.0,
        1.0,
        1.0,
        1.0,
        1.0,
        1.0,
        1.0,
        1.0,
        1.0,
        1.0,
        1.0,
        1.0,
        1.0,
        1.0,
        1.0,
        1.0
      ],
      "q01": [
        -0.0086134672164917,
        -0.00924372673034668,
        -0.006517499685287476,
        -0.007479459047317505,
        -0.010363191366195679,
        -0.011142492294311523,
        -0.010747121647000313,
        -0.009481549263000488,
        -0.00914621353149414,
        -0.01018524169921875,
        -0.010549336671829224,
        -0.010661661624908447,
        -0.010470449924468994,
        -0.01478046178817749,
        0.0,
        0.0,
        0.0,
        0.0,
        0.0,
        0.0,
        0.0,
        0.0,
        0.0,
        0.0,
        0.0,
        0.0,
        0.0,
        0.0,
        0.0,
        0.0,
        0.0,
        0.0
      ],
      "q99": [
        0.008028984069824219,
        0.007601618766784668,
        0.008813374675810337,
        0.009514927864074707,
        0.008947014808654785,
        0.00866788625717163,
        0.01150500774383545,
        0.010060906410217285,
        0.011364758014678955,
        0.008085131645202637,
        0.008636295795440674,
        0.011911988258361816,
        0.012302577495574951,
        0.014108777046203613,
        0.0,
        0.0,
        0.0,
        0.0,
        0.0,
        0.0,
        0.0,
        0.0,
        0.0,
        0.0,
        0.0,
        0.0,
        0.0,
        0.0,
        0.0,
        0.0,
        0.0,
        0.0
      ]
    }
  }
}