{
  "norm_stats": {
    "state": {
      "mean": [
        -1.0297285249014627,
        0.5377879025362386,
        0.5124181540675635,
        -0.8580390540171529,
        0.4802174649043689,
        1.3832252949418018,
        0.09669818305897361,
        1.1882300192687225,
        -0.6077421609190548,
        -0.9350994646907964,
        0.76405673402847,
        -0.4182071870200167,
        -1.0459066484779125,
        -0.15928987013170934,
        0.09928919563248784,
        0.3850027094271635,
        0.0,
        0.0,
        0.0,
        0.0,
        0.0,
        0.0,
        0.0,
        0.0,
        0.0,
        0.0,
        0.0,
        0.0,
        0.0,
        0.0,
        0.0,
        0.0
      ],
      "std": [
        0.6902068815715445,
        0.5034240170877043,
        0.691676216860689,
        0.4232956451534275,
        0.3970654134156692,
        0.3631071772899962,
        0.45209892846129807,
        0.9241599692396072,
        0.5919131939773375,
        0.9967587769068772,
        0.37223961616499185,
        0.35946409062251766,
        0.37102308416494245,
        0.4217648666511441,
        0.2990501288035193,
        0.48659629537946536,
        0.0,
        0.0,
        0.0,
        0.0,
        0.0,
        0.0,
        0.0,
        0.0,
        0.0,
        0.0,
        0.0,
        0.0,
        0.0,
        0.0,
        0.0,
        0.0
      ],
      "q01": [
        -1.9050477266311645,
        -0.8228372931480408,
        -1.8813745975494385,
        -1.465625524520874,
        -0.6132104396820068,
        -1.3008147478103638,
        -0.48010786771774294,
        -1.5230629920959473,
        -1.565195870399475,
        -2.1465988636016844,
        0.01317612174898386,
        -1.105068564414978,
        -1.6129940748214722,
        -1.2785675048828125,
        0.0,
        0.0,
        0.0,
        0.0,
        0.0,
        0.0,
        0.0,
        0.0,
        0.0,
        0.0,
        0.0,
        0.0,
        0.0,
        0.0,
        0.0,
        0.0,
        0.0,
        0.0
      ],
      "q99": [
        1.0353448390960696,
        1.4055195569992067,
        1.722833251953125,
        0.8663618922233582,
        1.0686906576156616,
        1.7101428747177125,
        2.7754924297332764,
        2.307206535339356,
        1.1877949476242067,
        1.5470481157302862,
        1.392789220809937,
        0.35649303793907205,
        0.1514027446508424,
        0.5731316685676576,
        1.0,
        1.0,
        0.0,
        0.0,
        0.0,
        0.0,
        0.0,
        0.0,
        0.0,
        0.0,
        0.0,
        0.0,
        0.0,
        0.0,
        0.0,
        0.0,
        0.0,
        0.0
      ]
    },
    "actions": {
      "mean": [
        0.02143895294805808,
        0.0024215694712646963,
        0.006758474472880537,
        0.004696408975088127,
        0.007543209879195003,
        -0.005340934623719715,
        0.005129708053583947,
        -0.018652121932682834,
        -0.09572477507873374,
        -0.06396928377799116,
        -0.09500356488541316,
        -0.08479852036307306,
        0.12762825095845082,
        0.020180979351755928,
        0.09928919563248784,
        0.3850027094271635,
        0.0,
        0.0,
        0.0,
        0.0,
        0.0,
        0.0,
        0.0,
        0.0,
        0.0,
        0.0,
        0.0,
        0.0,
        0.0,
        0.0,
        0.0,
        0.0
      ],
      "std": [
        0.09549945856687514,
        0.1091706959137435,
        0.04154448882822598,
        0.07655047882420808,
        0.042120240687572294,
        0.05169135450372332,
        0.12473967988639954,
        0.19886449293955175,
        0.2722935468317107,
        0.1668166854887942,
        0.32951837331652895,
        0.2220130077447255,
        0.31832746226753256,
        0.2826557243398627,
        0.2990501288035193,
        0.48659629537946536,
        0.0,
        0.0,
        0.0,
        0.0,
        0.0,
        0.0,
        0.0,
        0.0,
        0.0,
        0.0,
        0.0,
        0.0,
        0.0,
        0.0,
        0.0,
        0.0
      ],
      "q01": [
        -0.18798272609710692,
        -0.35709371566772463,
        -0.09538979530334471,
        -0.21716371774673462,
        -0.10364806205034256,
        -0.22529795169830322,
        -0.349214231967926,
        -0.5438165903091431,
        -0.8349968791007996,
        -0.5877308368682861,
        -0.9552393555641174,
        -0.7797307729721069,
        -0.7570986032485962,
        -0.8186068773269652,
        0.0,
        0.0,
        0.0,
        0.0,
        0.0,
        0.0,
        0.0,
        0.0,
        0.0,
        0.0,
        0.0,
        0.0,
        0.0,
        0.0,
        0.0,
        0.0,
        0.0,
        0.0
      ],
      "q99": [
        0.4260474205017091,
        0.3660050988197327,
        0.14935185909271242,
        0.27555699348449725,
        0.1837528228759766,
        0.1138810157775879,
        0.5632343769073489,
        0.5349388122558596,
        0.5328643321990973,
        0.28164682388305673,
        0.6780613899230958,
        0.40319043397903453,
        0.9229555130004887,
        0.852100527286531,
        1.0,
        1.0,
        0.0,
        0.0,
        0.0,
        0.0,
        0.0,
        0.0,
        0.0,
        0.0,
        0.0,
        0.0,
        0.0,
        0.0,
        0.0,
        0.0,
        0.0,
        0.0
      ]
    }
  }
}